"# Table 7. Coarsening at 2 at.%, 36000 sweeps, two starting",configurations. Both converge on a single domain.
start,cycle,n_clusters,largest,largest_fraction,E_per_site_eV,alpha_In_Cu
random,0,359,27,0.0211,0.028603,-5.65
random,200,8,517,0.4039,0.001172,-20.28
random,400,7,540,0.4219,-0.001455,-22.45
random,600,6,598,0.4672,-0.002376,-23.25
random,800,5,619,0.4836,-0.002975,-23.72
random,1000,5,638,0.4984,-0.003238,-23.97
random,1200,5,651,0.5086,-0.003449,-24.09
random,1400,5,666,0.5203,-0.003645,-24.23
random,1600,7,1088,0.8500,-0.004022,-24.45
random,1800,5,1155,0.9023,-0.004837,-25.15
random,2000,3,1196,0.9344,-0.005267,-25.50
random,2200,3,1200,0.9375,-0.005447,-25.58
random,2400,3,1203,0.9398,-0.005533,-25.68
random,2600,3,1227,0.9586,-0.005667,-25.82
random,2800,2,1233,0.9633,-0.005909,-25.89
random,3000,2,1236,0.9656,-0.006024,-26.04
random,3200,2,1242,0.9703,-0.006152,-26.15
random,3400,2,1243,0.9711,-0.006228,-26.13
random,3600,2,1243,0.9711,-0.006222,-26.10
random,3800,2,1247,0.9742,-0.006310,-26.21
random,4000,2,1251,0.9773,-0.006299,-26.17
random,4200,2,1258,0.9828,-0.006330,-26.21
random,4400,2,1272,0.9938,-0.006464,-26.27
random,4600,1,1280,1.0000,-0.006609,-26.36
random,4800,1,1280,1.0000,-0.006606,-26.35
random,5000,1,1280,1.0000,-0.006592,-26.29
random,5200,1,1280,1.0000,-0.006628,-26.36
random,5400,1,1280,1.0000,-0.006640,-26.41
random,5600,1,1280,1.0000,-0.006645,-26.43
random,5800,1,1280,1.0000,-0.006642,-26.42
random,6000,1,1280,1.0000,-0.006637,-26.40
random,6200,1,1280,1.0000,-0.006640,-26.41
random,6400,1,1280,1.0000,-0.006643,-26.42
random,6600,1,1280,1.0000,-0.006645,-26.43
random,6800,1,1280,1.0000,-0.006628,-26.36
random,7000,1,1280,1.0000,-0.006642,-26.42
random,7200,1,1280,1.0000,-0.006651,-26.45
random,7400,3,1143,0.8930,-0.006896,-26.81
random,7600,3,1152,0.9000,-0.007036,-26.88
random,7800,3,1167,0.9117,-0.007189,-27.01
random,8000,2,1177,0.9195,-0.007356,-27.12
random,8200,2,1182,0.9234,-0.007387,-27.16
random,8400,2,1198,0.9359,-0.007440,-27.22
random,8600,2,1211,0.9461,-0.007537,-27.28
random,8800,2,1214,0.9484,-0.007618,-27.28
random,9000,2,1214,0.9484,-0.007628,-27.32
random,9200,2,1225,0.9570,-0.007626,-27.31
random,9400,2,1229,0.9602,-0.007705,-27.31
random,9600,2,1232,0.9625,-0.007815,-27.42
random,9800,2,1233,0.9633,-0.007879,-27.44
random,10000,2,1236,0.9656,-0.007924,-27.46
random,10200,2,1242,0.9703,-0.007958,-27.52
random,10400,2,1253,0.9789,-0.008027,-27.55
random,10600,2,1262,0.9859,-0.008169,-27.63
random,10800,3,1278,0.9984,-0.008386,-27.78
random,11000,1,1280,1.0000,-0.008640,-27.91
random,11200,1,1280,1.0000,-0.008687,-27.93
random,11400,1,1280,1.0000,-0.008776,-27.96
random,11600,1,1280,1.0000,-0.008779,-27.98
random,11800,1,1280,1.0000,-0.008837,-27.96
random,12000,1,1280,1.0000,-0.008929,-28.01
random,12200,1,1280,1.0000,-0.008971,-28.02
random,12400,1,1280,1.0000,-0.008968,-28.00
random,12600,1,1280,1.0000,-0.008965,-27.99
random,12800,1,1280,1.0000,-0.009034,-28.02
random,13000,1,1280,1.0000,-0.009059,-28.04
random,13200,1,1280,1.0000,-0.009057,-28.04
random,13400,1,1280,1.0000,-0.009057,-28.04
random,13600,1,1280,1.0000,-0.009076,-28.03
random,13800,1,1280,1.0000,-0.009077,-28.04
random,14000,1,1280,1.0000,-0.009077,-28.04
random,14200,1,1280,1.0000,-0.009077,-28.04
random,14400,1,1280,1.0000,-0.009079,-28.04
random,14600,1,1280,1.0000,-0.009099,-28.04
random,14800,1,1280,1.0000,-0.008950,-27.84
random,15000,1,1280,1.0000,-0.009118,-28.04
random,15200,1,1280,1.0000,-0.009118,-28.04
random,15400,1,1280,1.0000,-0.009065,-27.90
random,15600,1,1280,1.0000,-0.009109,-27.91
random,15800,1,1280,1.0000,-0.009118,-28.04
random,16000,1,1280,1.0000,-0.009107,-27.91
random,16200,1,1280,1.0000,-0.009118,-28.04
random,16400,1,1280,1.0000,-0.009118,-28.04
random,16600,1,1280,1.0000,-0.009106,-27.90
random,16800,1,1280,1.0000,-0.009119,-28.04
random,17000,1,1280,1.0000,-0.009121,-28.05
random,17200,1,1280,1.0000,-0.009107,-27.91
random,17400,1,1280,1.0000,-0.009107,-27.91
random,17600,1,1280,1.0000,-0.009107,-27.91
random,17800,1,1280,1.0000,-0.009121,-28.05
random,18000,1,1280,1.0000,-0.009109,-27.91
random,18200,1,1280,1.0000,-0.009121,-28.05
random,18400,1,1280,1.0000,-0.009123,-28.06
random,18600,1,1280,1.0000,-0.009121,-28.05
random,18800,1,1280,1.0000,-0.009123,-28.06
random,19000,1,1280,1.0000,-0.009107,-27.91
random,19200,1,1280,1.0000,-0.009121,-28.05
random,19400,1,1280,1.0000,-0.009107,-27.91
random,19600,1,1280,1.0000,-0.009119,-28.04
random,19800,1,1280,1.0000,-0.009110,-27.92
random,20000,1,1280,1.0000,-0.009119,-28.04
random,20200,1,1280,1.0000,-0.009109,-27.91
random,20400,1,1280,1.0000,-0.009119,-28.04
random,20600,1,1280,1.0000,-0.009121,-28.05
random,20800,1,1280,1.0000,-0.009126,-28.07
random,21000,1,1280,1.0000,-0.009109,-27.91
random,21200,1,1280,1.0000,-0.009121,-28.05
random,21400,1,1280,1.0000,-0.009119,-28.04
random,21600,1,1280,1.0000,-0.009110,-27.92
random,21800,1,1280,1.0000,-0.009112,-27.93
random,22000,1,1280,1.0000,-0.009123,-28.06
random,22200,1,1280,1.0000,-0.009110,-27.92
random,22400,1,1280,1.0000,-0.009119,-28.04
random,22600,1,1280,1.0000,-0.009119,-28.04
random,22800,1,1280,1.0000,-0.009118,-28.04
random,23000,1,1280,1.0000,-0.009118,-28.04
random,23200,1,1280,1.0000,-0.009119,-28.04
random,23400,1,1280,1.0000,-0.009143,-28.06
random,23600,1,1280,1.0000,-0.009110,-27.92
random,23800,1,1280,1.0000,-0.009110,-27.92
random,24000,1,1280,1.0000,-0.009141,-28.05
random,24200,1,1280,1.0000,-0.009112,-27.93
random,24400,1,1280,1.0000,-0.009110,-27.92
random,24600,1,1280,1.0000,-0.009140,-28.04
random,24800,1,1280,1.0000,-0.009110,-27.92
random,25000,1,1280,1.0000,-0.009112,-27.93
random,25200,1,1280,1.0000,-0.009110,-27.92
random,25400,1,1280,1.0000,-0.009140,-28.04
random,25600,1,1280,1.0000,-0.009138,-28.04
random,25800,1,1280,1.0000,-0.009140,-28.04
random,26000,1,1280,1.0000,-0.009140,-28.04
random,26200,1,1280,1.0000,-0.009140,-28.04
random,26400,1,1280,1.0000,-0.009140,-28.04
random,26600,1,1280,1.0000,-0.009141,-28.05
random,26800,1,1280,1.0000,-0.009141,-28.05
random,27000,1,1280,1.0000,-0.009144,-28.06
random,27200,1,1280,1.0000,-0.009144,-28.06
random,27400,1,1280,1.0000,-0.009143,-28.06
random,27600,1,1280,1.0000,-0.009106,-27.90
random,27800,1,1280,1.0000,-0.009196,-27.94
random,28000,1,1280,1.0000,-0.009218,-27.95
random,28200,1,1280,1.0000,-0.009218,-27.95
random,28400,1,1280,1.0000,-0.009257,-27.94
random,28600,1,1280,1.0000,-0.009144,-28.06
random,28800,1,1280,1.0000,-0.009104,-27.89
random,29000,1,1280,1.0000,-0.009303,-27.96
random,29200,1,1280,1.0000,-0.009324,-27.96
random,29400,1,1280,1.0000,-0.009324,-27.96
random,29600,1,1280,1.0000,-0.009324,-27.96
random,29800,1,1280,1.0000,-0.009324,-27.96
random,30000,1,1280,1.0000,-0.009323,-27.96
random,30200,1,1280,1.0000,-0.009323,-27.96
random,30400,1,1280,1.0000,-0.009323,-27.96
random,30600,1,1280,1.0000,-0.009323,-27.96
random,30800,1,1280,1.0000,-0.009323,-27.96
random,31000,1,1280,1.0000,-0.009323,-27.96
random,31200,1,1280,1.0000,-0.009323,-27.96
random,31400,1,1280,1.0000,-0.009323,-27.96
random,31600,1,1280,1.0000,-0.009323,-27.96
random,31800,1,1280,1.0000,-0.009324,-27.96
random,32000,1,1280,1.0000,-0.009324,-27.96
random,32200,1,1280,1.0000,-0.009146,-28.07
random,32400,1,1280,1.0000,-0.009324,-27.96
random,32600,1,1280,1.0000,-0.009324,-27.96
random,32800,1,1280,1.0000,-0.009324,-27.96
random,33000,1,1280,1.0000,-0.009324,-27.96
random,33200,1,1280,1.0000,-0.009324,-27.96
random,33400,1,1280,1.0000,-0.009323,-27.96
random,33600,1,1280,1.0000,-0.009323,-27.96
random,33800,1,1280,1.0000,-0.009323,-27.96
random,34000,1,1280,1.0000,-0.009324,-27.96
random,34200,1,1280,1.0000,-0.009324,-27.96
random,34400,1,1280,1.0000,-0.009324,-27.96
random,34600,1,1280,1.0000,-0.009324,-27.96
random,34800,1,1280,1.0000,-0.009324,-27.96
random,35000,1,1280,1.0000,-0.009324,-27.96
random,35200,1,1280,1.0000,-0.009324,-27.96
random,35400,1,1280,1.0000,-0.009324,-27.96
random,35600,1,1280,1.0000,-0.009324,-27.96
random,35800,1,1280,1.0000,-0.009324,-27.96
single_ball,0,163,1001,0.7820,0.014140,-17.54
single_ball,200,2,1278,0.9984,-0.002889,-25.16
single_ball,400,1,1280,1.0000,-0.003710,-25.54
single_ball,600,1,1280,1.0000,-0.003992,-25.01
single_ball,800,1,1280,1.0000,-0.004445,-25.55
single_ball,1000,1,1280,1.0000,-0.004723,-25.86
single_ball,1200,1,1280,1.0000,-0.004873,-26.07
single_ball,1400,1,1280,1.0000,-0.005115,-26.32
single_ball,1600,1,1280,1.0000,-0.005194,-26.40
single_ball,1800,1,1280,1.0000,-0.005328,-26.53
single_ball,2000,1,1280,1.0000,-0.005334,-26.56
single_ball,2200,1,1280,1.0000,-0.005381,-26.58
single_ball,2400,1,1280,1.0000,-0.005428,-26.70
single_ball,2600,1,1280,1.0000,-0.005539,-26.73
single_ball,2800,1,1280,1.0000,-0.005568,-26.77
single_ball,3000,1,1280,1.0000,-0.005407,-26.70
single_ball,3200,1,1280,1.0000,-0.005562,-26.75
single_ball,3400,1,1280,1.0000,-0.005595,-26.80
single_ball,3600,1,1280,1.0000,-0.005587,-26.77
single_ball,3800,1,1280,1.0000,-0.005522,-26.32
single_ball,4000,1,1280,1.0000,-0.005644,-26.84
single_ball,4200,1,1280,1.0000,-0.005666,-26.85
single_ball,4400,1,1280,1.0000,-0.005651,-26.53
single_ball,4600,1,1280,1.0000,-0.005793,-26.70
single_ball,4800,1,1280,1.0000,-0.005866,-26.83
single_ball,5000,1,1280,1.0000,-0.005872,-26.77
single_ball,5200,1,1280,1.0000,-0.005886,-26.83
single_ball,5400,1,1280,1.0000,-0.005900,-26.81
single_ball,5600,1,1280,1.0000,-0.005922,-26.90
single_ball,5800,1,1280,1.0000,-0.005836,-27.05
single_ball,6000,1,1280,1.0000,-0.005861,-26.81
single_ball,6200,1,1280,1.0000,-0.005962,-26.90
single_ball,6400,1,1280,1.0000,-0.005987,-27.00
single_ball,6600,1,1280,1.0000,-0.006007,-27.00
single_ball,6800,1,1280,1.0000,-0.006037,-27.04
single_ball,7000,1,1280,1.0000,-0.006035,-27.03
single_ball,7200,1,1280,1.0000,-0.006040,-27.05
single_ball,7400,1,1280,1.0000,-0.006046,-27.08
single_ball,7600,1,1280,1.0000,-0.005999,-27.14
single_ball,7800,1,1280,1.0000,-0.006136,-27.20
single_ball,8000,1,1280,1.0000,-0.006090,-27.18
single_ball,8200,1,1280,1.0000,-0.006203,-27.31
single_ball,8400,1,1280,1.0000,-0.006234,-27.36
single_ball,8600,1,1280,1.0000,-0.006299,-27.29
single_ball,8800,1,1280,1.0000,-0.006360,-27.29
single_ball,9000,1,1280,1.0000,-0.006387,-27.31
single_ball,9200,1,1280,1.0000,-0.006239,-27.29
single_ball,9400,1,1280,1.0000,-0.006404,-27.30
single_ball,9600,1,1280,1.0000,-0.006416,-27.35
single_ball,9800,1,1280,1.0000,-0.006427,-27.31
single_ball,10000,1,1280,1.0000,-0.006432,-27.33
single_ball,10200,1,1280,1.0000,-0.006455,-27.35
single_ball,10400,1,1280,1.0000,-0.006477,-27.35
single_ball,10600,1,1280,1.0000,-0.006445,-27.39
single_ball,10800,1,1280,1.0000,-0.006551,-27.40
single_ball,11000,1,1280,1.0000,-0.006624,-27.46
single_ball,11200,1,1280,1.0000,-0.006691,-27.48
single_ball,11400,1,1280,1.0000,-0.006719,-27.52
single_ball,11600,1,1280,1.0000,-0.006742,-27.53
single_ball,11800,1,1280,1.0000,-0.006736,-27.50
single_ball,12000,1,1280,1.0000,-0.006747,-27.55
single_ball,12200,1,1280,1.0000,-0.006749,-27.55
single_ball,12400,1,1280,1.0000,-0.006744,-27.54
single_ball,12600,1,1280,1.0000,-0.006749,-27.55
single_ball,12800,1,1280,1.0000,-0.006750,-27.56
single_ball,13000,1,1280,1.0000,-0.006577,-27.52
single_ball,13200,1,1280,1.0000,-0.006759,-27.60
single_ball,13400,1,1280,1.0000,-0.006750,-27.56
single_ball,13600,1,1280,1.0000,-0.006755,-27.58
single_ball,13800,1,1280,1.0000,-0.006753,-27.57
single_ball,14000,1,1280,1.0000,-0.006755,-27.58
single_ball,14200,1,1280,1.0000,-0.006753,-27.57
single_ball,14400,1,1280,1.0000,-0.006753,-27.57
single_ball,14600,1,1280,1.0000,-0.006766,-27.54
single_ball,14800,1,1280,1.0000,-0.006767,-27.55
single_ball,15000,1,1280,1.0000,-0.006770,-27.56
single_ball,15200,1,1280,1.0000,-0.006682,-27.62
single_ball,15400,1,1280,1.0000,-0.006682,-27.62
single_ball,15600,1,1280,1.0000,-0.006787,-27.63
single_ball,15800,1,1280,1.0000,-0.006784,-27.62
single_ball,16000,1,1280,1.0000,-0.006783,-27.61
single_ball,16200,1,1280,1.0000,-0.006784,-27.62
single_ball,16400,1,1280,1.0000,-0.006786,-27.63
single_ball,16600,1,1280,1.0000,-0.006774,-27.57
single_ball,16800,1,1280,1.0000,-0.006781,-27.61
single_ball,17000,2,1268,0.9906,-0.006796,-27.48
single_ball,17200,1,1280,1.0000,-0.006791,-27.65
single_ball,17400,1,1280,1.0000,-0.006975,-27.64
single_ball,17600,1,1280,1.0000,-0.007037,-27.65
single_ball,17800,1,1280,1.0000,-0.007040,-27.66
single_ball,18000,1,1280,1.0000,-0.007040,-27.66
single_ball,18200,1,1280,1.0000,-0.007051,-27.70
single_ball,18400,1,1280,1.0000,-0.007056,-27.72
single_ball,18600,1,1280,1.0000,-0.007047,-27.68
single_ball,18800,1,1280,1.0000,-0.007054,-27.72
single_ball,19000,1,1280,1.0000,-0.007079,-27.74
single_ball,19200,1,1280,1.0000,-0.007081,-27.74
single_ball,19400,1,1280,1.0000,-0.007081,-27.74
single_ball,19600,1,1280,1.0000,-0.007068,-27.69
single_ball,19800,1,1280,1.0000,-0.007076,-27.72
single_ball,20000,1,1280,1.0000,-0.007084,-27.76
single_ball,20200,1,1280,1.0000,-0.007076,-27.72
single_ball,20400,1,1280,1.0000,-0.007073,-27.71
single_ball,20600,1,1280,1.0000,-0.007074,-27.72
single_ball,20800,1,1280,1.0000,-0.007068,-27.69
single_ball,21000,1,1280,1.0000,-0.007056,-27.64
single_ball,21200,1,1280,1.0000,-0.007078,-27.73
single_ball,21400,1,1280,1.0000,-0.007070,-27.70
single_ball,21600,1,1280,1.0000,-0.007075,-27.72
single_ball,21800,1,1280,1.0000,-0.006979,-26.55
single_ball,22000,1,1280,1.0000,-0.007100,-27.74
single_ball,22200,1,1280,1.0000,-0.007092,-27.70
single_ball,22400,1,1280,1.0000,-0.007100,-27.74
single_ball,22600,1,1280,1.0000,-0.007115,-27.80
single_ball,22800,1,1280,1.0000,-0.007071,-26.51
single_ball,23000,1,1280,1.0000,-0.007126,-27.76
single_ball,23200,1,1280,1.0000,-0.007117,-27.72
single_ball,23400,1,1280,1.0000,-0.007126,-27.76
single_ball,23600,1,1280,1.0000,-0.007131,-27.78
single_ball,23800,1,1280,1.0000,-0.007120,-26.89
single_ball,24000,1,1280,1.0000,-0.007127,-26.49
single_ball,24200,1,1280,1.0000,-0.007189,-26.92
single_ball,24400,1,1280,1.0000,-0.007226,-26.91
single_ball,24600,2,1279,0.9992,-0.007278,-26.96
single_ball,24800,1,1280,1.0000,-0.007307,-26.99
single_ball,25000,1,1280,1.0000,-0.007306,-26.99
single_ball,25200,1,1280,1.0000,-0.007312,-27.01
single_ball,25400,1,1280,1.0000,-0.007310,-27.01
single_ball,25600,1,1280,1.0000,-0.007324,-26.98
single_ball,25800,1,1280,1.0000,-0.007374,-27.02
single_ball,26000,1,1280,1.0000,-0.007405,-27.07
single_ball,26200,1,1280,1.0000,-0.007530,-27.08
single_ball,26400,1,1280,1.0000,-0.007667,-27.14
single_ball,26600,1,1280,1.0000,-0.007761,-27.20
single_ball,26800,1,1280,1.0000,-0.007791,-27.24
single_ball,27000,1,1280,1.0000,-0.007831,-27.24
single_ball,27200,1,1280,1.0000,-0.007875,-27.25
single_ball,27400,1,1280,1.0000,-0.007926,-27.29
single_ball,27600,1,1280,1.0000,-0.008015,-27.33
single_ball,27800,1,1280,1.0000,-0.008039,-27.34
single_ball,28000,1,1280,1.0000,-0.008116,-27.41
single_ball,28200,1,1280,1.0000,-0.008271,-27.46
single_ball,28400,1,1280,1.0000,-0.008269,-27.46
single_ball,28600,1,1280,1.0000,-0.008310,-27.46
single_ball,28800,1,1280,1.0000,-0.008338,-27.49
single_ball,29000,1,1280,1.0000,-0.008335,-27.48
single_ball,29200,1,1280,1.0000,-0.008349,-27.45
single_ball,29400,1,1280,1.0000,-0.008385,-27.52
single_ball,29600,1,1280,1.0000,-0.008446,-27.52
single_ball,29800,1,1280,1.0000,-0.008493,-27.54
single_ball,30000,1,1280,1.0000,-0.008516,-27.55
single_ball,30200,1,1280,1.0000,-0.008558,-27.56
single_ball,30400,1,1280,1.0000,-0.008588,-27.60
single_ball,30600,1,1280,1.0000,-0.008692,-27.70
single_ball,30800,1,1280,1.0000,-0.008852,-27.77
single_ball,31000,1,1280,1.0000,-0.008858,-27.80
single_ball,31200,1,1280,1.0000,-0.008861,-27.81
single_ball,31400,1,1280,1.0000,-0.008864,-27.82
single_ball,31600,1,1280,1.0000,-0.008859,-27.80
single_ball,31800,1,1280,1.0000,-0.008861,-27.81
single_ball,32000,1,1280,1.0000,-0.008862,-27.82
single_ball,32200,1,1280,1.0000,-0.008864,-27.82
single_ball,32400,1,1280,1.0000,-0.008862,-27.82
single_ball,32600,1,1280,1.0000,-0.008864,-27.82
single_ball,32800,1,1280,1.0000,-0.008862,-27.82
single_ball,33000,1,1280,1.0000,-0.008887,-27.83
single_ball,33200,1,1280,1.0000,-0.008889,-27.84
single_ball,33400,1,1280,1.0000,-0.008887,-27.83
single_ball,33600,1,1280,1.0000,-0.008889,-27.84
single_ball,33800,1,1280,1.0000,-0.008889,-27.84
single_ball,34000,1,1280,1.0000,-0.008887,-27.83
single_ball,34200,1,1280,1.0000,-0.008911,-27.85
single_ball,34400,1,1280,1.0000,-0.008912,-27.85
single_ball,34600,1,1280,1.0000,-0.008911,-27.85
single_ball,34800,1,1280,1.0000,-0.008912,-27.85
single_ball,35000,1,1280,1.0000,-0.008915,-27.87
single_ball,35200,1,1280,1.0000,-0.008911,-27.85
single_ball,35400,1,1280,1.0000,-0.008909,-27.84
single_ball,35600,1,1280,1.0000,-0.008912,-27.85
single_ball,35800,1,1280,1.0000,-0.008912,-27.85
